"STATION","NAME","LATITUDE","LONGITUDE","ELEVATION","DATE","CDSD","CDSD_ATTRIBUTES","DSND","DSND_ATTRIBUTES","DSNW","DSNW_ATTRIBUTES","EMNT","EMNT_ATTRIBUTES","EMSD","EMSD_ATTRIBUTES","EMSN","EMSN_ATTRIBUTES","EMXP","EMXP_ATTRIBUTES","EMXT","EMXT_ATTRIBUTES","HDSD","HDSD_ATTRIBUTES","PRCP","PRCP_ATTRIBUTES","SNOW","SNOW_ATTRIBUTES","TAVG","TAVG_ATTRIBUTES","TMAX","TMAX_ATTRIBUTES","TMIN","TMIN_ATTRIBUTES"
"USC00441955","CONCORD 4 SSW, VA US","37.2819","-78.9591","248.4","2020",,,"        0",,"         0","7",,,"0","T,7,1217, ","0.0","T,7,1225,+","6.85"," ,7,1112, ",,,,,"76.48"," ,7","0.0","T,7",,,,,,
"USC00461324","CACAPON ST PARK NUMBER 2, WV US","39.50932","-78.29739","292.0","2020","929",,"        3",,"         2","7","9","7,0216,+","6"," ,7,1217, ","6.4"," ,7,1217, ","1.82"," ,7,0125, ","95","7,0727,+",,,"43.37"," ,7","11.0"," ,7","53.9","7","64.8","7","43.0","7"
"US1WVHY0003","MOOREFIELD 3.7 SSE, WV US","39.011285","-78.945088","306.9","2020",,,,,"         1","N",,,,,"8.1"," ,N,1217, ","1.64"," ,N,1112, ",,,,,"37.65"," ,N","9.4"," ,N",,,,,,
"US1VAAB0017","CROZET 1.3 W, VA US","38.0663528442383","-78.7222442626953","229.2","2020",,,,,,,,,,,,,"2.89"," ,N,0413, ",,,,,"65.46"," ,N",,,,,,,,
"US1VADN0002","DEWITT 7.1 SE, VA US","36.9824","-77.5356","51.2","2020",,,,,,,,,,,,,,,,,,,"52.48"," ,N",,,,,,,,
"USC00442009","CORBIN, VA US","38.2022","-77.3747","67.1","2020","1360",,,,,,"16","7,0215, ",,,,,,,"102","7,0720, ","3971","3",,,,,"58.3","7","68.4","7","48.1","7"
"US1VAJC0046","TOANO 2.0 NNE, VA US","37.40858","-76.79393","20.4","2020",,,,,,,,,,,,,"5.24"," ,N,0804, ",,,,,"66.57"," ,N",,,,,,,,
"US1VARS0002","LEBANON 3.1 NNE, VA US","36.94127","-82.05715","650.1","2020",,,,,,,,,,,,,"2.86"," ,N,0413, ",,,,,"61.68"," ,N",,,,,,,,
"USC00466212","MORGANTOWN LOCK AND DAM, WV US","39.6203","-79.9698","251.5","2020","883",,,,,,"12","7,1229,+",,,,,"1.20"," ,7,1030, ","93","7,0720,+","4946","9","40.67"," ,7",,,"53.5","7","64.0","7","43.1","7"
"USC00440187","AMELIA COURTHOUSE, VA US","37.3451","-77.9781","105.2","2020","1535",,"        0",,"         0","7","15","7,0222, ","0","T,7,0221, ","0.0","T,7,1208,+","5.10"," ,7,0815, ","102","7,0721,+","3353","9","59.65"," ,7","0.0","T,7","59.9","7","70.4","7","49.4","7"
"USC00442245","DANVILLE 2 SE, VA US","36.56269","-79.36331","119.5","2020","1528",,"        0",,"         0","7","14","7,0122, ","0","T,7,0220, ","0.4"," ,7,0220, ","3.60"," ,7,1111, ","98","7,0720, ","3447","3","59.29"," ,7","0.4"," ,7","59.9","7","71.7","7","48.2","7"
"USC00443213","FREE UNION, VA US","38.09079","-78.58937","179.8","2020","1052",,"        3",,"         1","7","10","7,0123,+","2"," ,7,0108, ","3.9"," ,7,0108, ","3.52"," ,7,0901, ","94","7,0721,+","4263","4","60.04"," ,7","5.2"," ,7","56.5","7","67.7","7","45.4","7"
"USC00465002","LAKE LYNN, WV US","39.7204","-79.8561","274.3","2020",,,,,,,,,,,,,,,,,,,,,,,,,,,,
"USC00465365","LONDON LOCKS, WV US","38.19345","-81.37007","192.6","2020","1097",,"        6",,"         2","7","15","7,0123, ","2"," ,7,1225,+","2.2"," ,7,0108, ","2.47"," ,7,0615, ","97","7,0722, ","3921","2","59.33"," ,7","5.7"," ,7","56.8","7","66.3","7","47.2","7"
"USC00441159","BUENA VISTA, VA US","37.7268","-79.3629","256.0","2020",,,"        1",,"         1","7",,,"2"," ,7,0108, ","2.0"," ,7,0108, ","2.69"," ,7,0804, ",,,,,"55.09"," ,7","2.5"," ,7",,,,,,
"US1VANRC003","NORFOLK 5.0 SSW, VA US","36.86173248","-76.29229736","2.7","2020",,,"        0",,"         0","N",,,"1"," ,N,0221, ","0.5"," ,N,0221, ","5.25"," ,N,0918, ",,,,,"55.73"," ,N","0.5"," ,N",,,,,,
"USC00445880","MUSTOE 1 SW, VA US","38.31437","-79.65893","721.5","2020",,,,,,,,,,,,,,,,,,,,,,,,,,,,
"USC00446173","NORTH FORK LAKE, VA US","37.1244","-82.6339","510.5","2020",,,,,,,,,,,,,,,,,,,,,,,,,,,,
"US1VAPL0002","NEW RIVER 0.3 NNW, VA US","37.1414503","-80.5911933","592.2","2020",,,,,,,,,,,,,"3.07"," ,N,1112, ",,,,,"54.62"," ,N",,,,,,,,
"US1VAFR0032","UNION HALL 2.9 E, VA US","37.040588","-79.637493","249.6","2020",,,,,,,,,,,,,"3.76"," ,N,0413, ",,,,,"69.49"," ,N",,,,,,,,
"US1WVJC0003","RIPLEY 5.8 S, WV US","38.737722","-81.6903944","283.5","2020",,,,,,,,,,,,,"2.15"," ,N,0521, ",,,,,"56.26"," ,N",,,,,,,,
"USW00013769","OCEANA NAS, VA US","36.81667","-76.03333","7.0","2020","1820",,,,,,"21","W,0222, ",,,,,"4.22"," ,W,1112, ","99","W,0721,+","2973","6","59.61"," ,W",,,"62.5","W","71.5","W","53.6","W"
"US1VAFR0035","WIRTZ 5.4 NE, VA US","37.125515","-79.804469","320.0","2020",,,,,,,,,,,,,"3.90"," ,N,1112, ",,,,,"68.36"," ,N",,,,,,,,
"USW00013762","FENTRESS NAVAL AUXILIARY FIELD, VA US","36.695","-76.13556","4.9","2020","1634",,,,,,"21","W,1227, ",,,,,"4.68"," ,W,1112, ","99","W,0720, ",,,"60.04"," ,W",,,"62.4","W","72.3","W","52.5","W"
"US1VAPW0015","HAYMARKET 5.5 N, VA US","38.88988","-77.619309","104.9","2020",,,,,,,,,,,,,"2.53"," ,N,1225, ",,,,,"55.73"," ,N",,,,,,,,
"US1VAPW0014","MANASSAS 5.8 SE, VA US","38.6804","-77.4206","108.2","2020",,,,,,,,,,,,,"2.94"," ,N,0829, ",,,,,"60.63"," ,N",,,,,,,,
"USC00461215","BUCKEYE, WV US","38.18731","-80.13359","647.1","2020","612",,"       12",,"         7","7","7","7,0122, ","3"," ,7,0108, ","3.5"," ,7,0108, ","2.37"," ,7,1112, ","92","7,0721, ","5549","8","59.32"," ,7","16.5"," ,7","51.4","7","62.7","7","40.2","7"
"US1VAPW0013","MANASSAS 5.3 SE, VA US","38.68443298","-77.42987061","86.0","2020",,,,,,,,,,,,,"2.92"," ,N,0829, ",,,,,"60.54"," ,N",,,,,,,,
"USC00461579","CHARLESTON WEATHER FORECAST OFFICE, WV US","38.31332","-81.71857","279.8","2020","1109",,"        9",,"         7","7","11","7,0123,+","4"," ,7,1225, ","4.1"," ,7,1225, ","1.75"," ,7,0724, ","96","7,0717,+","4610","9","53.71"," ,7","18.5"," ,7","55.4","7","66.6","7","44.1","7"
"US1VAPW0011","NOKESVILLE 4.0 S, VA US","38.642819","-77.579527","61.9","2020",,,,,,,,,,,,,"3.26"," ,N,1112, ",,,,,"56.61"," ,N",,,,,,,,
"USC00441825","CLINTWOOD 1 W, VA US","37.14556","-82.49078","477.3","2020","679",,"       14",,"         7","7","7","7,1227,+","6"," ,7,1226,+","6.0"," ,7,1225, ","3.34"," ,7,0821, ","88","7,0722,+","4719","9","69.97"," ,7","23.1"," ,7","53.7","7","64.7","7","42.7","7"
"USC00447925","SOUTH BOSTON, VA US","36.6954","-78.8807","100.3","2020","1565",,"        0",,"         0","7","14","7,0122, ","0","T,7,0221, ","0.5"," ,7,0221, ","5.55"," ,7,0618, ","100","7,0722, ","3595","2","63.00"," ,7","0.5"," ,7","59.7","7","71.9","7","47.4","7"
"USC00440735","BIG STONE GAP, VA US","36.8567","-82.7998","446.8","2020","894",,"        0",,"         1","7","8","7,1226, ","0"," ,7,1231,+","2.3"," ,7,0229, ","3.28"," ,7,0206, ","91","7,0614, ","4250","3","73.04"," ,7","2.3"," ,7","55.6","7","66.1","7","45.0","7"
"USC00446955","PULASKI 2 E, VA US","37.05581","-80.78415","634.0","2020",,,"        7",,"         4","7",,,"4"," ,7,1225, ","3.5"," ,7,1225, ","2.90"," ,7,0618, ","90","7,0720, ",,,"70.09"," ,7","7.8"," ,7",,,"64.7","7",,
"USC00468522","STONEWALL JACKSON DAM, WV US","39.00462","-80.47408","318.5","2020",,,"        9",,"         4","7",,,"3"," ,7,1225, ","3.1"," ,7,1225, ","2.14"," ,7,0522, ",,,,,"61.47"," ,7","10.9"," ,7",,,,,,
"USC00467552","RIPLEY, WV US","38.81727","-81.71178","185.3","2020",,,"        4",,"         3","7","14","7,1227,+","4"," ,7,1225, ","4.0"," ,7,1225, ","2.27"," ,7,0409, ",,,,,"49.82"," ,7","8.1"," ,7",,,,,"44.3","7"
"USC00469610","WILLIAMSON, WV US","37.67802","-82.28909","209.7","2020",,,,,,,,,,,,,,,,,,,,,,,,,,,,
"US1VAJC0038","WILLIAMSBURG 3.8 WSW, VA US","37.242534","-76.765708","14.6","2020",,,,,,,,,,,,,"4.54"," ,N,0816, ",,,,,"72.06"," ,N",,,,,,,,
"US1VARH0004","HARRISONBURG 0.8 NW, VA US","38.444169","-78.885629","418.5","2020",,,,,,,,,,,,,"1.71"," ,N,1112, ",,,,,"41.21"," ,N",,,,,,,,
"USC00444414","JOHN H KERR DAM, VA US","36.6002","-78.3011","76.2","2020","1932",,,,,,"19","7,0122, ",,,,,"4.53"," ,7,0918, ","101","7,0722,+","3168","9","62.10"," ,7",,,"61.9","7","72.3","7","51.5","7"
"USC00444777","LEBANON, VA US","36.9028","-82.0384","582.8","2020",,,,,,,,,,,,,,,,,,,,,,,,,,,,
"USC00446712","PIEDMONT RESEARCH STATION, VA US","38.2323","-78.1202","158.5","2020","1370",,"        1",,"         1","7","16","7,0215,+","2"," ,7,0108, ","2.0"," ,7,0108, ",,,"100","7,0722, ","3762","2",,,"2.0"," ,7","58.5","7","68.5","7","48.5","7"
"USC00464840","KEYSER 2 SSW, WV US","39.42127","-79.00513","294.1","2020","1137",,"       18",,"         6","7","9","7,0216,+","8"," ,7,1217, ","8.4"," ,7,1217, ","1.56"," ,7,0930, ","100","7,0706, ","5155","0","38.93"," ,7","21.9"," ,7","54.5","7","67.0","7","42.1","7"
"USC00460925","BLUEFIELD, WV US","37.2555","-81.2263","874.8","2020","599",,"       17",,"        12","7","7","7,1227,+","4"," ,7,1226,+","4.0"," ,7,1225, ","2.07"," ,7,0413, ","90","7,0722,+","4999","4","59.47"," ,7","18.4"," ,7","52.4","7","62.7","7","42.2","7"
"USC00446161","NORTH, VA US","37.4332","-76.4416","0.9","2020",,,,,,,,,,,,,,,,,,,,,,,,,,,,
"USW00093773","WAKEFIELD MUNICIPAL AIRPORT, VA US","36.9827","-77.0012","33.8","2020","1699",,"        1",,,,"20","W,0222, ","3"," ,W,0221, ",,,"2.96"," ,W,1112, ","100","W,0721,+","3135","5","70.70"," ,W",,,"61.3","W","71.6","W","51.0","W"
"US1VAFR0024","ROCKY MOUNT 2.2 NW, VA US","37.021503","-79.91528","357.5","2020",,,,,,,,,,,,,"4.46"," ,N,1112, ",,,,,"83.12"," ,N",,,,,,,,
"USW00093775","ASHLAND HANOVER CO MUNICIPAL AIRPORT, VA US","37.70806","-77.43444","62.5","2020","1629",,,,,,"19","W,0222,+",,,,,"3.13"," ,W,0804, ","101","W,0721,+","3504","8","59.93"," ,W",,,"60.2","W","70.7","W","49.8","W"
"US1VABK0001","BUCKINGHAM 9.9 NW, VA US","37.6682","-78.6594","155.8","2020",,,,,,,,,,,,,"3.81"," ,N,1112, ",,,,,"73.00"," ,N",,,,,,,,
"US1VAWM0001","MONTROSS 5.2 ESE, VA US","38.07705","-76.73025","11.0","2020",,,,,,,,,,,,,"5.02"," ,N,1112, ",,,,,"61.22"," ,N",,,,,,,,
"USW00013773","QUANTICO MCAS, VA US","38.50362","-77.30503","3.0","2020","1604",,,,,,"21","W,0215,+",,,,,"2.71"," ,W,1111, ","100","W,0720, ","3640","3","51.80"," ,W",,,"59.9","W","68.5","W","51.3","W"
"USW00003733","ELKINS 21 ENE, WV US","39.013","-79.4743","1033.3","2020",,,,,,,,,,,,,,,,,"6382","4",,,,,,,,,,
"US1VALE0002","JONESVILLE 2 E, VA US","36.6996","-83.0569","530.4","2020",,,,,,,,,,,,,"3.75"," ,N,0206, ",,,,,"65.63"," ,N",,,,,,,,
"US1VASM0004","MARION 2.4 ENE, VA US","36.8532","-81.4745","687.3","2020",,,,,,,,,,,,,"3.48"," ,N,1112, ",,,,,"56.95"," ,N",,,,,,,,
"USR0000VGDR","GREAT DISMAL NWR VIRGINIA, VA US","36.6128","-76.5542","9.1","2020","1671",,,,,,"19","U,0222, ",,,,,,,"99","U,0720,+","3040","9",,,,,"61.5","U","72.4","U","50.6","U"
"USC00466912","PEA RIDGE PSD, WV US","38.41969","-82.29879","178.0","2020","1403",,"        1",,"         0","7","17","7,1226, ","1"," ,7,1201, ","0.3"," ,7,0207, ","2.58"," ,7,0731, ","97","7,0706, ","3878","5","50.78"," ,7","0.4"," ,7","58.3","7","68.8","7","47.7","7"
"USC00463648","GRANTSVILLE 1 ESE, WV US","38.9099","-81.08443","215.2","2020",,,"        4",,"         1","7",,,"3"," ,7,1226,+","3.0"," ,7,1225, ","4.05"," ,7,0731, ",,,,,"59.17"," ,7","3.6"," ,7",,,,,,
"USC00465706","MARTINSBURG 2, WV US","39.46594","-77.96676","140.2","2020","1129",,"        2",,"         2","7","11","7,0216, ","8"," ,7,1217, ","8.0"," ,7,1217, ","2.00"," ,7,1225, ","98","7,0721,+","4580","3","39.20"," ,7","11.5"," ,7","55.4","7","66.7","7","44.1","7"
"US1VAPRC002","PORTSMOUTH 4.1 SSE, VA US","36.801","-76.327","7.9","2020",,,"        1",,"         1","N",,,"1"," ,N,0221, ","1.5"," ,N,0221, ","4.80"," ,N,0918, ",,,,,"60.85"," ,N","1.5"," ,N",,,,,,
"USW00013737","NORFOLK INTERNATIONAL AIRPORT, VA US","36.9033","-76.1922","9.1","2020","2058",,"        0",,"         0","W","25","W,0222, ","0","T,W,0221, ","0.3"," ,W,0220, ","4.96"," ,W,1112, ","102","W,0728,+","2563","8","56.34"," ,W","0.4"," ,W","63.9","W","72.1","W","55.8","W"
"USC00445853","MOUNT WEATHER 3, VA US","39.06551","-77.89504","472.4","2020",,,"        5",,"         4","7",,,"6"," ,7,1217, ","6.0"," ,7,1217, ","2.50"," ,7,1225, ","92","7,0721,+","4993","8","47.16"," ,7","12.6"," ,7",,,"62.3","7",,
"US1VAAM0002","JETERSVILLE 3.6 W, VA US","37.300944","-78.160951","118.0","2020",,,,,,,,,,,,,"3.22"," ,N,0815, ",,,,,"59.15"," ,N",,,,,,,,
"USC00461220","BUCKHANNON, WV US","38.9803","-80.2201","443.5","2020","901",,"       18",,"         7","7","9","7,0216,+","4"," ,7,1226,+","3.5"," ,7,1225, ","1.90"," ,7,1029, ","95","7,0710,+","4647","7","51.14"," ,7","19.6"," ,7","53.8","7","65.5","7","42.1","7"
"US1WVOH0006","VALLEY GROVE 3.5 NNE, WV US","40.138008","-80.543502","338.6","2020",,,,,,,,,,,,,"1.71"," ,N,0329, ",,,,,"44.36"," ,N",,,,,,,,
"USC00464971","KUMBRABOW, WV US","38.63125","-80.08545","986.0","2020","119",,"       68",,"        25","7","2","7,0215, ","20"," ,7,0229, ","12.0"," ,7,0307,+","2.10"," ,7,1112, ","82","7,0722,+",,,"69.69"," ,7","111.7"," ,7","46.4","7","56.4","7","36.3","7"
"USC00467207","PRINCETON, WV US","37.3854","-81.08233","725.7","2020",,,,,"         3","7",,,,,"3.0"," ,7,1225, ","2.00"," ,7,0528, ",,,,,"54.59"," ,7","10.4"," ,7",,,,,,
"USC00441136","BUCKINGHAM, VA US","37.5083","-78.5333","176.8","2020",,,"        0",,"         0","7",,,"0"," ,7,1231,+","0.0","T,7,1218,+","5.48"," ,7,1112, ",,,,,"66.20"," ,7","0.0","T,7",,,,,,
"USC00443310","GATHRIGHT DAM, VA US","37.9458","-79.9542","539.5","2020","632",,"        4",,"         4","7","9","7,0122, ","2"," ,7,1207,+","2.0"," ,7,1207,+","2.56"," ,7,0517, ","89","7,0722, ","4889","4","54.97"," ,7","6.2"," ,7","53.3","7","63.4","7","43.2","7"
"USC00440166","ALTAVISTA, VA US","37.1122","-79.2751","161.2","2020",,,,,,,,,,,,,"4.79"," ,7,1112, ",,,,,"70.56"," ,7",,,,,,,,
"USC00446147","NORFOLK SOUTH, VA US","36.8707","-76.2289","3.0","2020","1738",,,,,,"23","7,0222, ",,,,,"5.11"," ,7,1112, ","100","7,0728,+","2963","2","58.93"," ,7",,,"62.0","7","70.7","7","53.3","7"
"US1VAVBC021","VIRGINIA BEACH 3.1 ENE, VA US","36.753836","-75.991096","1.2","2020",,,,,,,,,,,,,"4.20"," ,N,0918, ",,,,,"69.21"," ,N",,,,,,,,
"USC00449301","WYTHEVILLE, VA US","36.9617","-81.087","749.2","2020","587",,"        8",,"         3","7","8","7,1226, ","4"," ,7,1226, ","3.0"," ,7,1225, ","2.86"," ,7,1112, ","89","7,0719, ","4836","9","65.35"," ,7","9.4"," ,7","53.2","7","63.2","7","43.3","7"
"USC00460939","BLUESTONE LAKE, WV US","37.64199","-80.88278","424.6","2020",,,"        2",,"         1","7",,,"2"," ,7,1225, ","1.5"," ,7,1225, ","2.33"," ,7,0521, ",,,,,"51.75"," ,7","1.5"," ,7",,,,,,
"USC00468662","SUTTON LAKE, WV US","38.66026","-80.6964","264.6","2020",,,"        6",,"         3","7",,,"2"," ,7,1227,+","2.0"," ,7,0108, ","2.64"," ,7,0823, ",,,,,"63.79"," ,7","5.3"," ,7",,,,,,
"USW00013867","PARKERSBURG, WV US","39.28115","-81.55694","180.7","2020","1262",,,,,,"16","7,1226,+",,,,,"2.28"," ,7,0731, ","98","7,0720,+","4180","0","44.42"," ,7",,,"56.7","7","66.7","7","46.7","7"
"USW00013866","CHARLESTON YEAGER AIRPORT, WV US","38.3794","-81.59","277.4","2020","1277",,"        9",,"         6","W","13","W,0122, ","4"," ,W,1225, ","3.0"," ,W,0107, ","2.14"," ,W,0520, ","96","W,0721,+","4085","3","50.43"," ,W","18.6"," ,W","57.3","W","67.6","W","47.0","W"
"USW00013743","WASHINGTON REAGAN NATIONAL AIRPORT, VA US","38.8472","-77.03454","3.0","2020","1719",,"        0",,"         0","W","22","W,0215, ","0","T,W,0118, ","0.2"," ,W,0118, ","2.88"," ,W,0910, ","99","W,0720,+","3483","3","57.37"," ,W","0.2"," ,W","60.6","W","68.8","W","52.4","W"
"USW00013741","ROANOKE INTERNATIONAL AIRPORT, VA US","37.3169","-79.9741","358.1","2020","1481",,"        3",,"         1","W","15","W,1226, ","1"," ,W,1226,+","1.6"," ,W,0107, ","2.84"," ,W,0519, ","100","W,0720, ","3615","4","62.69"," ,W","3.5"," ,W","59.5","W","69.3","W","49.7","W"
"USW00013740","RICHMOND INTERNATIONAL AIRPORT, VA US","37.51151","-77.32344","50.0","2020","1656",,"        0",,"         1","W","20","W,0222,+","0","T,W,0221, ","1.0"," ,W,1207, ","3.61"," ,W,0804, ","101","W,0728,+","3324","9","63.53"," ,W","1.5"," ,W","60.8","W","70.7","W","50.8","W"
"US1VAJC0050","WILLIAMSBURG 3.2 SSE, VA US","37.2267","-76.68893","7.0","2020",,,,,,,,,,,,,"4.45"," ,N,0804, ",,,,,"70.69"," ,N",,,,,,,,
"US1VASF0005","FREDERICKSBURG 7.6 ESE, VA US","38.2567","-77.3574","18.6","2020",,,,,,,,,,,,,"4.09"," ,N,1112, ",,,,,"57.89"," ,N",,,,,,,,
"USC00468308","SNOWSHOE, WV US","38.39892","-79.99476","1477.4","2020","81",,"       74",,"        40","7","-2","7,1226, ","21"," ,7,1223, ","11.0"," ,7,0307, ","2.27"," ,7,0430, ","80","7,0719, ","7600","1","72.50"," ,7","112.3"," ,7","44.0","7","51.1","7","37.0","7"
"USC00447904","SOMERSET, VA US","38.2456","-78.2703","155.4","2020","1211",,"        1",,"         1","7","11","7,0121, ","2"," ,7,0108, ","2.8"," ,7,0108, ","3.17"," ,7,1112, ","98","7,0722,+","4311","3","66.53"," ,7","2.8"," ,7","56.9","7","67.7","7","46.0","7"
"US1VAFQ0004","REMINGTON 4.0 ENE, VA US","38.5616","-77.7439","96.9","2020",,,,,,,,,,,,,"4.33"," ,N,1112, ",,,,,"65.21"," ,N",,,,,,,,
"US1VAFQ0001","WARRENTON 6.1 S, VA US","38.628","-77.808","135.9","2020",,,,,,,,,,,,,"2.74"," ,N,0829, ",,,,,"61.86"," ,N",,,,,,,,
"US1VANNC004","NEWPORT NEWS 3.3 E, VA US","37.075651","-76.453977","6.4","2020",,,,,,,,,,,,,"4.48"," ,N,1113, ",,,,,"65.81"," ,N",,,,,,,,
"USC00444876","LEXINGTON, VA US","37.7767","-79.4385","334.4","2020","1053",,"        2",,"         1","7","12","7,0122, ","2"," ,7,0108, ","3.2"," ,7,0108, ","2.76"," ,7,1112, ","96","7,0720, ","4335","6","53.95"," ,7","5.0"," ,7","56.1","7","67.7","7","44.5","7"
"USC00466248","MOUNDSVILLE, WV US","39.9055","-80.7549","189.0","2020","1100",,,,"         1","7","9","7,1227, ",,,"1.5"," ,7,0207, ","2.85"," ,7,0829, ","96","7,0728,+",,,"48.37"," ,7","2.5"," ,7","54.0","7","65.5","7","42.5","7"
"USW00013750","NORFOLK NAS, VA US","36.93746","-76.28926","5.2","2020","1948",,,,,,"25","W,1226,+",,,,,"5.89"," ,W,1112, ","100","W,0721,+","2679","1","52.78"," ,W",,,"63.4","W","71.3","W","55.5","W"
"US1WVJF0003","SHENANDOAH JUNCTION 2.8 SE, WV US","39.333093","-77.809771","173.1","2020",,,"        8",,"         2","N",,,"9"," ,N,1217, ","9.2"," ,N,1217, ","1.62"," ,N,1225, ",,,,,"40.76"," ,N","13.5"," ,N",,,,,,
"US1VAVBC013","VIRGINIA BEACH 2.4 N, VA US","36.7746","-76.0422","4.0","2020",,,,,,,,,,,,,"6.11"," ,N,0918, ",,,,,"75.77"," ,N",,,,,,,,
"US1WVDD0001","CENTER POINT 2.2 NNW, WV US","39.41954","-80.65613","252.1","2020",,,,,,,,,,,,,"2.14"," ,N,0829, ",,,,,"53.53"," ,N",,,,,,,,
"USC00445050","LOUISA, VA US","38.0421","-78.0061","128.0","2020","1200",,"        0",,"         0","7","14","7,0122,+","0"," ,7,1231,+","0.5"," ,7,0107, ","3.86"," ,7,1112, ","97","7,0721,+","4101","5","59.12"," ,7","0.5"," ,7","57.5","7","68.7","7","46.3","7"
"USC00448680","VARINA, VA US","37.4559","-77.3502","46.0","2020",,,"        0",,"         0","7",,,"0","T,7,0118, ","0.5"," ,7,0221, ",,,,,,,"70.89"," ,7","0.7"," ,7",,,,,,
"US1WVDD0002","WEST UNION 8.2 NE, WV US","39.39101389","-80.68297222","239.9","2020",,,,,,,,,,,,,"3.64"," ,N,0628, ",,,,,"72.22"," ,N",,,,,,,,
"US1VAWLC002","WILLIAMSBURG 1.4 ENE, VA US","37.278","-76.6839","22.3","2020",,,,,,,,,,,,,"4.65"," ,N,0804, ",,,,,"73.59"," ,N",,,,,,,,
"USW00003759","CHARLOTTESVILLE 2 SSE, VA US","37.9975","-78.4656","358.7","2020","1102",,,,,,"16","R,1226, ",,,,,"3.24"," ,R,0413, ","93","R,0721, ","3928","1","61.58"," ,R",,,"57.6","R","65.5","R","49.6","R"
"USC00442208","DALE ENTERPRISE, VA US","38.4547","-78.9352","413.9","2020","976",,"        7",,"         2","7","12","7,0215,+","4"," ,7,1218,+","4.0"," ,7,1217, ","1.65"," ,7,1112,+","95","7,0721, ","4592","2","42.58"," ,7","6.9"," ,7","55.3","7","66.2","7","44.4","7"
"USC00440021","ABINGDON 3 S, VA US","36.6687","-81.9646","586.7","2020","1018",,"        3",,"         2","7","13","7,1227,+","2"," ,7,1225, ","2.0"," ,7,1225, ","3.05"," ,7,0413, ","92","7,0722,+","4138","7","61.36"," ,7","3.7"," ,7","56.3","7","66.9","7","45.7","7"
"USC00469522","WHITE SULPHUR SPRINGS, WV US","37.78839","-80.30835","584.9","2020","683",,"       11",,"         4","7","5","7,0122,+","3"," ,7,1227,+","3.0"," ,7,1225, ","1.80"," ,7,0413, ","92","7,0722, ","5028","4","48.46"," ,7","10.2"," ,7","53.1","7","64.5","7","41.7","7"
"USC00441593","CHARLOTTESVILLE 2 W, VA US","38.0329","-78.5226","264.0","2020","1321",,"        2",,"         1","7","16","7,1226, ","2"," ,7,0108, ","2.9"," ,7,0108, ","4.00"," ,7,0901, ","98","7,0722,+","3815","3","61.80"," ,7","3.2"," ,7","58.4","7","67.9","7","48.9","7"
"USC00447338","ROCKY MOUNT, VA US","36.9769","-79.8961","400.8","2020","1159",,"        2",,"         1","7","13","7,0123,+","1"," ,7,1226,+","1.0"," ,7,0108, ","5.10"," ,7,1112, ","97","7,0721, ","4038","1","77.25"," ,7","1.7"," ,7","57.2","7","68.7","7","45.7","7"
"USC00462211","DAVIS 3 SE, WV US","39.098","-79.4322","1132.3","2020","199",,"       79",,"        26","7","3","7,0215, ","12"," ,7,1222, ","8.3"," ,7,0227, ","1.58"," ,7,1112, ","84","7,0706, ","6750","9","63.96"," ,7","115.3"," ,7","47.0","7","55.8","7","38.2","7"
"USW00003872","BECKLEY RALEIGH CO AIRPORT, WV US","37.7836","-81.123","766.3","2020","769",,"       27",,"        14","W","8","W,1226, ","6"," ,W,1225, ","4.8"," ,W,0107, ","2.35"," ,W,0812, ","90","W,0721,+","4757","7","51.68"," ,W","34.4"," ,W","54.0","W","63.1","W","44.8","W"
"USC00463544","GLENVILLE, WV US","38.93399","-80.83176","224.9","2020","999",,"        4",,"         2","7","12","7,1228,+","2"," ,7,1225, ","2.5"," ,7,1225, ","2.47"," ,7,0731, ","95","7,0720, ","4244","6","49.59"," ,7","4.3"," ,7","55.0","7","66.4","7","43.7","7"
"USC00465600","MAN, WV US","37.74467","-81.88732","218.5","2020",,,"       10",,"         5","7",,,"5"," ,7,1226, ","4.0"," ,7,1225, ","2.17"," ,7,0815, ",,,,,"64.85"," ,7","11.0"," ,7",,,,,,
"USC00465963","MIDDLEBOURNE 3 ESE, WV US","39.46998","-80.85708","237.4","2020","823",,"       12",,"         6","7","8","7,1228,+","4"," ,7,1226,+","3.2"," ,7,1225, ","1.50"," ,7,0802, ","94","7,0720, ","5207","6","50.78"," ,7","15.2"," ,7","53.0","7","64.3","7","41.6","7"
"USC00446125","NORA 4 SSE, VA US","37.01529","-82.31981","810.2","2020","766",,"       17",,"         7","7","5","7,1226, ","5"," ,7,1226,+","5.0"," ,7,1225, ","2.58"," ,7,0413, ","87","7,0719,+","4658","6","54.85"," ,7","26.5"," ,7","54.0","7","62.2","7","45.9","7"
"USC00446012","NEW CASTLE, VA US","37.50909","-80.09818","382.8","2020",,,"        4",,"         2","7",,,"2"," ,7,1226,+","2.8"," ,7,0108, ","2.98"," ,7,0521, ",,,,,"62.16"," ,7","5.5"," ,7",,,,,,
"US1VAHR0006","GLEN ALLEN 4.6 W, VA US","37.65537","-77.56873","83.2","2020",,,,,,,,,,,,,"3.07"," ,N,0804, ",,,,,"60.18"," ,N",,,,,,,,
"US1VAAC0016","METOMPKIN 0.9 SE, VA US","37.7608","-75.5908","4.6","2020",,,,,,,,,,,,,"2.71"," ,N,1012, ",,,,,"51.46"," ,N",,,,,,,,
"USC00446491","PALMYRA 3 S, VA US","37.8141","-78.2645","100.6","2020","1189",,,,,,"9","7,0121, ",,,,,"3.21"," ,7,1030, ","97","7,0722, ","4083","4","60.89"," ,7",,,"57.4","7","68.9","7","45.9","7"
"US1VASP0002","FREDERICKSBURG 5.2 SSW, VA US","38.227","-77.512","65.8","2020",,,,,,,,,,,,,"3.85"," ,N,1112, ",,,,,"62.45"," ,N",,,,,,,,
"USW00093741","NEWPORT NEWS INTERNATIONAL AIRPORT, VA US","37.13194","-76.49306","12.8","2020","1949",,,,,,"21","W,1227, ",,,,,"3.93"," ,W,1112, ","101","W,0728, ","2978","2","65.41"," ,W",,,"62.5","W","71.9","W","53.1","W"
"US1WVWT0001","NEW MARTINSVILLE 6.5 E, WV US","39.64898","-80.73822","413.6","2020",,,"       18",,"         9","N",,,"5"," ,N,1220,+","5.0"," ,N,1217,+","1.60"," ,N,0125, ",,,,,"45.91"," ,N","31.9"," ,N",,,,,,
"USW00014894","WHEELING OHIO CO AIRPORT, WV US","40.17639","-80.64722","359.4","2020","1001",,,,,,"10","W,0215, ",,,,,"2.20"," ,W,0828, ","95","W,0813,+","5018","6","32.27"," ,W",,,"54.1","W","63.3","W","44.9","W"
"US1WVHM0002","SLANESVILLE 2.1 SE, WV US","39.3482","-78.5016","236.2","2020",,,,,,,,,,,,,"1.38"," ,N,0930,+",,,,,"35.61"," ,N",,,,,,,,
"USC00463798","HACKER VALLEY, WV US","38.61956","-80.3821","482.2","2020",,,"       25",,"        13","7",,,"7"," ,7,1226,+","6.3"," ,7,1225, ","2.39"," ,7,0731, ",,,,,"69.56"," ,7","48.9"," ,7",,,,,,
"US1VACM0003","GLADYS 0.6 S, VA US","37.15425","-79.07414","232.9","2020",,,,,,,,,,,,,"4.32"," ,N,1112, ",,,,,"73.67"," ,N",,,,,,,,
"US1VAST0002","SEDLEY 3.7 N, VA US","36.8302","-76.989217","29.6","2020",,,,,,,,,,,,,"4.97"," ,N,0816, ",,,,,"75.15"," ,N",,,,,,,,
"USC00463671","GREENVILLE 1 SE, WV US","37.53756","-80.66331","507.2","2020",,,"       10",,"         4","7",,,"4"," ,7,1226,+","3.6"," ,7,1225, ","1.93"," ,7,0615, ",,,,,"55.42"," ,7","9.0"," ,7",,,,,,
"US1WVHM0004","SPRINGFIELD 3.5 SW, WV US","39.413611","-78.738611","199.9","2020",,,,,,,,,,,,,"1.65"," ,N,0930, ",,,,,"37.63"," ,N",,,,,,,,
"US1WVNC0004","CRAIGSVILLE 0.6 NE, WV US","38.336981","-80.64522","682.8","2020",,,,,,,,,,,,,"3.61"," ,N,0828, ",,,,,"68.78"," ,N",,,,,,,,
"USW00003860","HUNTINGTON TRI STATE AIRPORT, WV US","38.36532","-82.55485","251.2","2020","1301",,"        5",,"         2","W","13","W,1226,+","7"," ,W,1225, ","7.0"," ,W,1224, ","1.78"," ,W,0822,+","96","W,0719,+","4075","7","48.26"," ,W","11.3"," ,W","57.4","W","67.3","W","47.6","W"
"US1VAPQC001","POQUOSON 5.8 W, VA US","37.145","-76.396","1.8","2020",,,,,,,,,,,,,"4.43"," ,N,0816, ",,,,,"70.04"," ,N",,,,,,,,
"USW00093738","WASHINGTON DULLES INTERNATIONAL AIRPORT, VA US","38.93486","-77.44728","88.4","2020","1377",,"        4",,"         2","W","15","W,0215, ","2"," ,W,0108, ","2.3"," ,W,1216, ","1.94"," ,W,1224, ","99","W,0720, ","4205","0","49.50"," ,W","4.7"," ,W","57.8","W","67.9","W","47.6","W"
"USW00093739","WALLOPS ISLAND NASA TEST FACILITY, VA US","37.93718","-75.46629","14.0","2020","1453",,"        1",,"         1","W","20","W,0222, ","2"," ,W,0221, ","2.2"," ,W,0220, ","3.87"," ,W,0829, ","100","W,0720, ","3676","1","49.50"," ,W","2.2"," ,W","59.5","W","67.7","W","51.3","W"
"US1VACS0020","CHESTERFIELD 8.5 WSW, VA US","37.325176","-77.644257","112.5","2020",,,,,,,,,,,,,"3.84"," ,N,0804, ",,,,,"67.92"," ,N",,,,,,,,
"USW00003739","CAPE CHARLES 5 ENE, VA US","37.2907","-75.927","8.8","2020","1525",,,,,,"22","R,0222, ",,,,,"4.95"," ,R,1112, ","97","R,0720, ","3346","8","48.06"," ,R",,,"60.4","R","67.7","R","53.1","R"
"USW00003859","BLUEFIELD MERCER CO AIRPORT, WV US","37.2978","-81.20366","870.5","2020","538",,"       11",,"         8","W","6","W,1226, ","6"," ,W,1226,+","5.5"," ,W,1225, ","2.09"," ,W,0206, ","87","W,0721, ","4906","4","52.76"," ,W","20.5"," ,W","52.9","W","61.2","W","44.6","W"
"US1VAAH0004","AMHERST 1.7 SW, VA US","37.566616","-79.068521","230.1","2020",,,,,,,,,,,,,"4.42"," ,N,1112, ",,,,,"66.41"," ,N",,,,,,,,
"US1VASFC015","SUFFOLK 4.9 NE, VA US","36.744094","-76.565752","7.3","2020",,,,,,,,,,,,,"4.21"," ,N,0918, ",,,,,"58.34"," ,N",,,,,,,,
"USW00093736","CHARLOTTESVILLE ALBEMARLE AIRPORT, VA US","38.1374","-78.4552","195.1","2020","1591",,,,,,"17","W,0121, ",,,,,"2.83"," ,W,0831, ","101","W,0721,+","3423","6","50.59"," ,W",,,"60.3","W","70.4","W","50.2","W"
"US1VAHV0008","MONTPELIER 4.8 E, VA US","37.819726","-77.594834","86.6","2020",,,,,,,,,,,,,"5.81"," ,N,1112, ",,,,,"61.47"," ,N",,,,,,,,
"US1VAHV0006","BEAVERDAM 4.3 ESE, VA US","37.909838","-77.585492","78.9","2020",,,,,,,,,,,,,"6.37"," ,N,1112, ",,,,,"62.40"," ,N",,,,,,,,
"US1VASC0001","GATE CITY 6.2 NNE, VA US","36.72166667","-82.53666667","599.2","2020",,,,,,,,,,,,,"3.19"," ,N,0413, ",,,,,"60.32"," ,N",,,,,,,,
"USC00441692","CHRISTIANSBURG, VA US","37.1278","-80.4033","640.1","2020","677",,"        6",,"         3","7","9","7,1226, ","3"," ,7,1226,+","3.3"," ,7,1225, ","2.50"," ,7,0521, ","90","7,0722,+","4794","2","59.90"," ,7","7.3"," ,7","53.9","7","63.4","7","44.4","7"
"USC00440243","APPOMATTOX, VA US","37.3261","-78.8274","259.1","2020","1210",,"        0",,"         0","7","15","7,0122,+","0","T,7,1217,+","0.0","T,7,1217,+","7.28"," ,7,1112, ","95","7,0722,+","3977","4","80.02"," ,7","0.0","T,7","57.5","7","67.1","7","48.0","7"
"US1VARDC001","RADFORD 0.9 WNW, VA US","37.130633","-80.572004","574.9","2020",,,"        3",,"         1","N",,,"2"," ,N,1225, ","2.1"," ,N,1225, ","2.88"," ,N,0618, ",,,,,"54.09"," ,N","2.1"," ,N",,,,,,
"USC00446475","PAINTER 2 W, VA US","37.5844","-75.8217","9.1","2020","1512",,"        1",,"         1","7","18","7,0222, ","1"," ,7,0221, ","2.0"," ,7,0221, ","3.12"," ,7,1112, ","98","7,0721, ","3130","0","57.65"," ,7","2.0"," ,7","60.9","7","69.9","7","51.8","7"
"USC00448894","WARSAW 2 NW, VA US","37.9881","-76.7769","42.7","2020","1578",,"        0",,"         0","7","21","7,0301,+","0"," ,7,1231,+","0.0"," ,7,1231,+","2.91"," ,7,0804, ","102","7,0721, ","3617","3","55.35"," ,7","0.0"," ,7","59.8","7","69.8","7","49.8","7"
"USC00446593","PEDLAR DAM, VA US","37.6694","-79.2774","312.1","2020",,,"        0",,"         1","7",,,"0","T,7,1217,+","3.0"," ,7,0108, ","4.21"," ,7,0413, ",,,,,"59.21"," ,7","3.3"," ,7",,,,,,
"USC00442790","EMPORIA 1 WNW, VA US","36.6983","-77.5597","30.5","2020",,,,,,,,,,,,,,,,,"3161","4",,,,,,,,,,
"USC00467372","R.D. BAILEY LAKE, WV US","37.59677","-81.82439","389.2","2020",,,"        7",,"         3","7",,,"3"," ,7,1227,+","3.0"," ,7,0107, ","2.20"," ,7,0313, ",,,,,"62.20"," ,7","7.0"," ,7",,,,,,
"USC00449186","WINCHESTER 7 SE, VA US","39.1833","-78.1167","207.3","2020","1052",,"        7",,"         2","7","9","7,0215, ","7"," ,7,1217, ","7.0"," ,7,1217, ","3.47"," ,7,0910, ","100","7,0720, ",,,"48.17"," ,7","11.3"," ,7","54.8","7","67.0","7","42.7","7"
"USC00466284","MOUNT NEBO 1 S, WV US","38.18789","-80.84841","595.3","2020","512",,"       32",,"        16","7","3","7,1226, ","9"," ,7,1226, ","7.1"," ,7,1225, ","1.76"," ,7,1112, ","90","7,0721,+","5613","3","63.40"," ,7","46.9"," ,7","50.8","7","62.4","7","39.2","7"
"USC00462920","FAIRMONT, WV US","39.4583","-80.1353","396.2","2020","971",,"       11",,"         8","7","13","7,0216,+","5"," ,7,1225, ","5.0"," ,7,1225, ","2.05"," ,7,1029, ","96","7,0704, ","4572","3","43.92"," ,7","17.4"," ,7","55.2","7","64.6","7","45.7","7"
"USC00441209","BURKES GARDEN, VA US","37.0908","-81.33639","935.1","2020","340",,"       19",,"         6","7","6","7,1226, ","5"," ,7,1225, ","5.0"," ,7,1225, ","2.95"," ,7,0413, ","86","7,0722,+","5533","2","62.03"," ,7","21.3"," ,7","50.5","7","60.6","7","40.4","7"
"USC00444039","BIG ISLAND, VA US","37.5443","-79.403","274.3","2020",,,,,,,,,,,,,,,,,,,,,,,,,,,,
"USC00461397","CANAAN VALLEY NUMBER 2, WV US","39.0483","-79.4406","991.8","2020","243",,"       62",,"        25","7","-6","7,0215, ","11"," ,7,1223,+","9.6"," ,7,1202, ","1.65"," ,7,1112, ","88","7,0707, ","6466","2","58.47"," ,7","102.5"," ,7","47.9","7","58.0","7","37.8","7"
"USC00441322","FORT PICKETT, VA US","37.0375","-77.9462","100.6","2020","1420",,"        0",,"         0","7","17","7,1227,+","0"," ,7,1231,+","0.5"," ,7,0221, ","4.32"," ,7,0918, ","97","7,0729,+","3584","0","55.88"," ,7","0.5"," ,7","59.1","7","69.9","7","48.3","7"
"USC00465875","RUPERT 4 N, WV US","38.01807","-80.68258","1011.6","2020",,,,,,,,,,,,,,,,,,,"66.17"," ,7",,,,,,,,
"USC00466600","OCEANA 2 SE, WV US","37.6761","-81.6213","402.3","2020",,,"        8",,"         6","7",,,"5"," ,7,1225, ","5.0"," ,7,1225, ","1.96"," ,7,0615, ",,,,,"60.93"," ,7","13.5"," ,7",,,,,,
"USC00467018","PIKE ISLAND LOCK AND DAM, WV US","40.1478","-80.7014","195.1","2020","935",,,,"         4","7","12","7,0216,+",,,"5.0"," ,7,1217, ","2.76"," ,7,0829, ","93","7,0710,+","5194","8","39.22"," ,7","9.4"," ,7","53.6","7","62.5","7","44.7","7"
"US1VACS0048","BON AIR 4.0 S, VA US","37.46261","-77.58134","64.0","2020",,,"        0",,"         0","N",,,"0"," ,N,0221, ","0.5"," ,N,1208, ","4.41"," ,N,0816, ",,,,,"61.30"," ,N","0.8"," ,N",,,,,,
"US1VAAC0007","ONLEY 0.6 SE, VA US","37.684664","-75.710285","13.1","2020",,,,,,,,,,,,,"3.02"," ,N,1012, ",,,,,"55.57"," ,N",,,,,,,,
"US1VAAC0008","GREENBACKVILLE 0.4 WNW, VA US","38.0130771","-75.3977562","0.6","2020",,,,,,,,,,,,,"2.90"," ,N,0829, ",,,,,"54.16"," ,N",,,,,,,,
"US1VACS0045","CHESTER 6.6 E, VA US","37.360922","-77.315462","25.0","2020",,,,,,,,,,,,,"3.73"," ,N,0918, ",,,,,"75.24"," ,N",,,,,,,,
"USC00460509","BARTOW 1 S, WV US","38.5312","-79.7714","922.0","2020","322",,"       40",,"        15","7","5","7,0215, ","7"," ,7,1223,+","5.5"," ,7,1217, ","2.03"," ,7,0807, ","88","7,0721, ","6208","7","50.82"," ,7","40.0"," ,7","48.7","7","58.8","7","38.6","7"
"USC00469683","WINFIELD LOCKS, WV US","38.5277","-81.91535","189.3","2020",,,,,,,,,,,,,,,,,"4302","3",,,,,,,,,,
"USC00448084","WEATHER FORECAST OFFICE STERLING, VA US","38.9764","-77.4869","87.8","2020","1305",,"        4",,"         2","7","15","7,0222,+","2"," ,7,0107, ","2.3"," ,7,1216, ","2.09"," ,7,0812, ","98","7,0721,+","4288","0","49.74"," ,7","4.7"," ,7","57.1","7","67.0","7","47.2","7"
"US1WVRT0002","PENNSBORO 1.2 ESE, WV US","39.27361","-80.955789","344.7","2020",,,,,,,,,,,,,"3.02"," ,N,0628, ",,,,,"57.10"," ,N",,,,,,,,
"US1VACR0003","GALAX 6.1 N, VA US","36.7535094","-80.9205881","771.4","2020",,,,,,,,,,,,,,,,,,,"71.74"," ,N",,,,,,,,
"US1VALB0002","VICTORIA 0.9 N, VA US","37.006955","-78.221819","160.3","2020",,,,,,,,,,,,,"2.80"," ,N,0804, ",,,,,"53.55"," ,N",,,,,,,,
"US1VASH0002","STRASBURG 3.7 N, VA US","39.04222","-78.3506","226.2","2020",,,,,,,,,,,,,"2.09"," ,N,0802, ",,,,,"42.72"," ,N",,,,,,,,
"USR0000VASH","LIME KILN VIRGINIA, VA US","37.9864","-79.7594","786.4","2020","976",,,,,,"10","U,1226, ",,,,,,,"94","U,0721,+","4319","3",,,,,"55.9","U","65.4","U","46.4","U"
"US1WVTY0003","MIDDLEBOURNE 3.2 ESE, WV US","39.47","-80.85706","232.0","2020",,,,,,,,,,,,,"1.50"," ,N,0802, ",,,,,"50.78"," ,N",,,,,,,,
"US1VAYR0004","WILLIAMSBURG 6.0 N, VA US","37.3575","-76.701167","24.1","2020",,,,,,,,,,,,,"6.16"," ,N,0804, ",,,,,"75.76"," ,N",,,,,,,,
"USC00461282","BURNSVILLE LAKE, WV US","38.84575","-80.62006","249.6","2020",,,"        8",,"         5","7",,,"4"," ,7,1202, ","3.0"," ,7,1201, ",,,,,,,"58.57"," ,7","10.2"," ,7",,,,,,
"US1VAFX0064","FALLS CHURCH 1.6 W, VA US","38.8875","-77.2041","141.4","2020",,,,,,,,,,,,,"2.93"," ,N,1112, ",,,,,"55.70"," ,N",,,,,,,,
"USC00442400","DISPUTANTA, VA US","37.1122","-77.2017","39.6","2020",,,"        1",,"         1","7","18","7,0222, ","3"," ,7,0221, ","2.5"," ,7,0221, ","5.53"," ,7,0804, ",,,"3462","2","69.43"," ,7","2.5"," ,7",,,,,"49.2","7"
"USC00444148","HUDDLESTON 4 SW, VA US","37.12587","-79.5251","273.4","2020",,,"        0",,"         0","7",,,"0","T,7,1218,+","0.0","T,7,1225,+","5.16"," ,7,1112, ",,,,,"70.67"," ,7","0.0","T,7",,,,,,
"US1VAFX0061","VIENNA 0.8 S, VA US","38.888557434082","-77.2628860473633","121.3","2020",,,,,,,,,,,,,"2.92"," ,N,1112, ",,,,,"58.64"," ,N",,,,,,,,
"US1VAFX0063","ALEXANDRIA 5.6 SSW, VA US","38.731065","-77.088951","14.9","2020",,,,,,,,,,,,,"3.56"," ,N,1112, ",,,,,"66.74"," ,N",,,,,,,,
"US1VAFL0006","WILLIS 2.7 SE, VA US","36.831975","-80.447055","878.4","2020",,,,,,,,,,,,,"4.18"," ,N,0413, ",,,,,"74.31"," ,N",,,,,,,,
"US1VAPC0005","DISPUTANTA 6.3 NE, VA US","37.1926","-77.1491","36.6","2020",,,,,"         1","N",,,,,"2.0"," ,N,0221, ","4.56"," ,N,0816, ",,,,,"72.63"," ,N","2.2"," ,N",,,,,,
"US1VAMT0001","PORT HAYWOOD 1.0 SE, VA US","37.37425","-76.307087","1.5","2020",,,,,,,,,,,,,"3.02"," ,N,0918, ",,,,,"62.32"," ,N",,,,,,,,
"USC00448192","SUFFOLK LAKE KILBY, VA US","36.7297","-76.6015","6.7","2020","1464",,"        2",,"         1","7","22","7,0221, ","4"," ,7,0220, ","4.0"," ,7,0220, ","5.09"," ,7,1112, ","96","7,0721, ","2952","2","64.61"," ,7","4.0"," ,7","61.0","7","70.2","7","51.8","7"
"US1VAFL0002","COPPER HILL 6.2 S, VA US","36.991815","-80.129549","782.1","2020",,,,,,,,,,,,,"4.85"," ,N,0413, ",,,,,"85.75"," ,N",,,,,,,,
"USC00466867","PARSONS 3 SE, WV US","39.0736","-79.634","541.0","2020","774",,"       26",,"        14","7","11","7,0123,+","5"," ,7,1202,+","5.2"," ,7,0108, ","2.20"," ,7,1112, ","92","7,0717,+","4993","7","60.80"," ,7","34.6"," ,7","53.4","7","63.8","7","43.0","7"
"USC00460527","BAYARD, WV US","39.2728","-79.3684","735.2","2020",,,,,,,,,,,,,,,,,,,,,,,,,,,,
"USC00469458","WEST UNION 2, WV US","39.29056","-80.76871","245.7","2020",,,"        6",,"         3","7",,,"3"," ,7,1202,+","3.0"," ,7,1202,+","1.69"," ,7,0829, ",,,,,"54.81"," ,7","9.3"," ,7",,,,,,
"US1VABT0002","FINCASTLE 1.9 NNW, VA US","37.525777","-79.883183","341.4","2020",,,,,,,,,,,,,"2.95"," ,N,0618, ",,,,,"61.09"," ,N",,,,,,,,
"USC00448737","VIENNA, VA US","38.8922","-77.2892","127.4","2020","1113",,"        4",,"         2","7","16","7,0216,+","2"," ,7,0108, ","1.5"," ,7,1217,+","2.19"," ,7,1112, ","94","7,0722,+","4536","9","53.35"," ,7","3.7"," ,7","56.3","7","65.2","7","47.3","7"
"USC00464200","HOGSETT R.C. BYRD DAM, WV US","38.68416","-82.18384","173.7","2020","1075",,,,,,"12","7,0216, ",,,,,"1.81"," ,7,1224, ","97","7,0710, ",,,"48.25"," ,7",,,"55.1","7","65.3","7","44.8","7"
"US1VAFX0072","OAK HILL 0.3 WSW, VA US","38.91178","-77.41407","109.1","2020",,,"        6",,"         2","N",,,"2"," ,N,0107, ","2.4"," ,N,1216, ","2.58"," ,N,0722, ",,,,,"59.07"," ,N","5.4"," ,N",,,,,,
"US1VASS0001","WAKEFIELD 0.1 ENE, VA US","36.969528","-76.986457","33.8","2020",,,,,,,,,,,,,"5.13"," ,N,0918, ",,,,,"73.48"," ,N",,,,,,,,
"USC00449159","WILLIAMSVILLE 2 S, VA US","38.17934","-79.58163","499.9","2020",,,"       10",,"         3","7",,,"3"," ,7,0108, ","3.9"," ,7,0108, ",,,,,,,"57.58"," ,7","9.1"," ,7",,,,,,
"US1VALD0013","ROUND HILL 2.7 WSW, VA US","39.122277","-77.818714","212.1","2020",,,"        6",,"         1","N",,,"4"," ,N,1218,+","3.4"," ,N,0108, ","2.07"," ,N,1225, ",,,,,"44.63"," ,N","3.9"," ,N",,,,,,
"USC00445595","MILL GAP, VA US","38.3064","-79.7198","737.9","2020","392",,"       21",,"         6","7","2","7,0122,+","4"," ,7,0108, ","4.0"," ,7,1217,+","2.10"," ,7,0930, ","90","7,0721, ","5885","5","53.60"," ,7","22.8"," ,7","49.9","7","62.7","7","37.1","7"
"USC00467287","RACINE LOCKS AND DAM, WV US","38.91862","-81.91088","177.1","2020",,,,,,,,,,,,,"2.74"," ,7,0816, ",,,,,"50.88"," ,7",,,,,,,,
"USC00449151","WILLIAMSBURG 2 N, VA US","37.3017","-76.7039","21.3","2020","1614",,"        1",,"         1","7","21","7,0222, ","3"," ,7,0220, ","2.5"," ,7,0220, ","3.08"," ,7,0814, ","99","7,0721, ","3179","1","75.51"," ,7","2.5"," ,7","60.9","7","70.0","7","51.9","7"
"USC00449272","WOOLWINE 1 SE, VA US","36.77363","-80.26233","385.0","2020",,,"        0",,"         0","7",,,"0","T,7,1226,+","0.5"," ,7,1225, ","4.79"," ,7,0521, ",,,,,"87.88"," ,7","0.5"," ,7",,,,,,
"USC00448062","STAUNTON WATER TREATMENT PLANT, VA US","38.1692","-79.0844","51.5","2020","885",,"        4",,"         2","7","10","7,0122,+","3"," ,7,0108, ","3.0"," ,7,0108, ","3.59"," ,7,0809, ","91","7,0722,+","4417","9","54.63"," ,7","4.2"," ,7","55.3","7","65.4","7","45.3","7"
"US1WVPR0008","KINGWOOD 0.6 E, WV US","39.471996","-79.671554","536.1","2020",,,,,,,,,,,,,"2.88"," ,N,0724, ",,,,,"52.07"," ,N",,,,,,,,
"US1VAPR0002","MEADOWS OF DAN 4.5 SW, VA US","36.6796301","-80.4476727","864.1","2020",,,,,,,,,,,,,"4.13"," ,N,0413, ",,,,,"81.00"," ,N",,,,,,,,
"USC00440327","ASHLAND, VA US","37.7552","-77.485","67.1","2020","1320",,"        0",,"         0","7","16","7,0215,+","0","T,7,1216, ","0.1"," ,7,0118, ","4.10"," ,7,0804, ","99","7,0721, ","3676","5","57.36"," ,7","0.1"," ,7","59.0","7","70.1","7","47.8","7"
"US1VAFX0080","ANNANDALE 1.9 W, VA US","38.829399","-77.246788","97.2","2020",,,,,,,,,,,,,"2.43"," ,N,1030, ",,,,,"61.82"," ,N",,,,,,,,
"USC00463361","GASSAWAY, WV US","38.6649","-80.7672","258.5","2020",,,"       10",,"         8","7",,,"3"," ,7,1225, ","3.0"," ,7,1225, ","1.93"," ,7,0828, ",,,,,"61.67"," ,7","12.8"," ,7",,,,,,
"US1VARN0001","CAVE SPRING 2.4 SSW, VA US","37.190368","-80.021302","479.1","2020",,,,,,,,,,,,,"3.50"," ,N,0413, ",,,,,"77.60"," ,N",,,,,,,,
"US1VARN0003","ROANOKE 5.5 SW, VA US","37.216843","-80.022756","370.3","2020",,,,,,,,,,,,,"4.13"," ,N,0521, ",,,,,"74.43"," ,N",,,,,,,,
"USC00447998","SPRINGFIELD PARK, VA US","37.65537","-77.56873","83.2","2020",,,,,,,,,,,,,,,,,,,,,,,,,,,,
"US1VALN0001","URBANNA 6.2 NNE, VA US","37.717011","-76.517687","27.1","2020",,,,,,,,,,,,,"6.76"," ,N,0910, ",,,,,"79.91"," ,N",,,,,,,,
"USC00444128","HOT SPRINGS, VA US","37.99951","-79.83227","684.0","2020",,,"       14",,"         6","7",,,"4"," ,7,1226,+","3.8"," ,7,1225, ",,,,,,,"61.22"," ,7","14.9"," ,7",,,,,,
"US1VARN0005","ROANOKE 4.3 SW, VA US","37.24","-80.02","352.7","2020",,,,,,,,,,,,,"3.42"," ,N,0521, ",,,,,"70.90"," ,N",,,,,,,,
"USC00445453","MEADOWS OF DAN 5 SW, VA US","36.6667","-80.4481","678.2","2020","749",,"        2",,"         2","7","13","7,1226, ","2"," ,7,1225, ","1.6"," ,7,1225, ","4.36"," ,7,0413, ","89","7,0720, ","4171","2","83.05"," ,7","4.0"," ,7","55.6","7","65.9","7","45.3","7"
"US1VAAG0012","CRAIGSVILLE 12.2 NNE, VA US","38.250166","-79.3207879","601.4","2020",,,,,,,,,,,,,"1.82"," ,N,0901, ",,,,,"55.17"," ,N",,,,,,,,
"USC00449025","WEST POINT 2 NW, VA US","37.5656","-76.8","6.1","2020","1577",,"        0",,"         1","7","15","7,0121, ","0","T,7,1207,+","1.3"," ,7,0221, ","3.59"," ,7,0804, ","99","7,0721, ","3376","6","64.36"," ,7","1.8"," ,7","60.3","7","71.0","7","49.6","7"
"US1WVPR0011","THOMAS 7.4 N, WV US","39.253611","-79.510556","774.5","2020",,,"       51",,"        22","N",,,"6"," ,N,1222,+","3.9"," ,N,1202, ","1.52"," ,N,0227, ",,,,,"60.26"," ,N","47.3"," ,N",,,,,,
"USC00449263","WOODSTOCK 2 NE, VA US","38.8969","-78.4679","205.7","2020",,,,,,,,,,,,,,,,,,,,,,,,,,,,
"USC00468384","SPENCER, WV US","38.80088","-81.35846","296.3","2020","832",,"       12",,"         6","7","9","7,0123, ","6"," ,7,1226, ","5.0"," ,7,1225, ","3.17"," ,7,0731, ","94","7,0720, ","4912","8","53.96"," ,7","16.4"," ,7","53.6","7","64.3","7","42.9","7"
"USC00448170","STUART, VA US","36.6365","-80.2545","419.1","2020","1012",,"        1",,"         1","7","14","7,1227,+","1"," ,7,0221, ","1.0"," ,7,0221, ","5.41"," ,7,1112, ","93","7,0721, ","3939","3","79.38"," ,7","1.5"," ,7","57.1","7","68.3","7","45.9","7"
"US1VASFC007","SUFFOLK 13.9 NNE, VA US","36.8852272033691","-76.5324172973633","6.7","2020",,,,,,,,,,,,,"5.08"," ,N,0918, ",,,,,"69.76"," ,N",,,,,,,,
"US1VAMX0001","WHITE STONE 8.0 SSW, VA US","37.537022","-76.443708","29.9","2020",,,,,,,,,,,,,"5.66"," ,N,0910, ",,,,,"87.91"," ,N",,,,,,,,
"USR0000VJAM","JAMES RIVER VIRGINIA, VA US","37.25","-77.25","15.2","2020","1617",,,,,,"20","U,0222, ",,,,,,,"99","U,0728,+","3244","5",,,,,"60.7","U","71.5","U","50.0","U"
"USC00463251","FROST 3 NE, WV US","38.2869","-79.8181","885.4","2020","244",,"       27",,"        12","7","2","7,1226, ","5"," ,7,1225,+","4.5"," ,7,1217,+","2.38"," ,7,0615, ","85","7,0722,+","6023","4","52.24"," ,7","39.1"," ,7","49.0","7","60.1","7","37.9","7"
"USC00467730","ROMNEY 1 SW, WV US","39.33898","-78.77106","219.5","2020",,,,,,,,,,,,,,,,,,,,,,,,,,,,
"USC00448837","WALLACETON LAKE DRUMMOND, VA US","36.5954","-76.4388","6.1","2020","1652",,,,,,"10","7,0102, ",,,,,"3.80"," ,7,1112, ","102","7,0729,+","3166","8","66.18"," ,7",,,"61.6","7","74.9","7","48.3","7"
"USC00467852","SAINT ALBANS, WV US","38.3833","-81.8339","196.9","2020","1098",,"        8",,"         6","7","12","7,0216, ","5"," ,7,1225, ","6.1"," ,7,1225, ","2.33"," ,7,0409, ","95","7,0720,+",,,"52.98"," ,7","15.0"," ,7","55.5","7","66.1","7","44.9","7"
"USC00442730","ELK CREEK 4 SSW, VA US","36.67212","-81.19455","1048.2","2020",,,,,,,,,,,,,,,,,,,,,,,,,,,,
"USC00445204","MANASSAS, VA US","38.73332","-77.49263","74.7","2020",,,"        5",,"         2","7",,,"2"," ,7,0108, ","2.5"," ,7,0108, ",,,,,,,,,"4.6"," ,7",,,,,,
"USC00447506","SALTVILLE 1 N, VA US","36.8894","-81.7711","528.2","2020","859",,"        3",,"         3","7","11","7,1228,+","1"," ,7,1225,+","1.0"," ,7,1225,+","3.50"," ,7,0413, ","93","7,0719, ","4470","1","63.02"," ,7","4.1"," ,7","54.9","7","66.5","7","43.3","7"
"USC00446656","PETERSBURG, VA US","37.2388","-77.3925","5.8","2020",,,"        0",,"         0","7",,,"0"," ,7,1231,+","0.0","T,7,1216,+","4.80"," ,7,0815, ",,,"3365","7","68.08"," ,7","0.0","T,7",,,,,,
"USC00440551","BEDFORD, VA US","37.33388","-79.50684","272.5","2020",,,"        0",,"         0","7",,,"0","T,7,1216,+","0.0","T,7,1220,+","4.12"," ,7,1112, ",,,,,"68.18"," ,7","0.0","T,7",,,,,,
"USC00469482","WHEELING, WV US","40.0567","-80.7283","196.6","2020",,,,,,,,,,,,,,,,,,,,,,,,,,,,
"USC00443272","GALAX WATER PLANT, VA US","36.65452","-80.91732","713.5","2020","627",,"        6",,"         3","7","6","7,1226, ","3"," ,7,1225, ","3.2"," ,7,1225, ","3.85"," ,7,0521, ","90","7,0721,+","4649","8","69.87"," ,7","5.7"," ,7","53.8","7","64.3","7","43.2","7"
"USR0000VVIE","GRANDVIEW WEST VIRGINIA, WV US","37.8325","-81.0678","917.4","2020","724",,,,,,"7","U,1226, ",,,,,,,"90","U,0721, ","4850","4",,,,,"53.2","U","62.2","U","44.2","U"
"USC00441999","COPPER HILL, VA US","37.08165","-80.13497","867.5","2020",,,,,,,,,,,,,,,,,,,,,,,,,,,,
"USC00448829","WALKERTON 2 NW, VA US","37.7434","-77.04","15.2","2020","1559",,"        0",,"         0","7","20","7,0222,+","0","T,7,1207, ","0.0","T,7,1207,+","3.69"," ,7,0805, ","102","7,0719, ","3227","7","68.21"," ,7","0.0","T,7","60.8","7","70.6","7","51.1","7"
"US1VAMN0025","BLACKSBURG 1.6 NNE, VA US","37.25467","-80.417844","667.8","2020",,,"        0",,"         1","N",,,"0"," ,N,1231,+","1.5"," ,N,1225, ","3.35"," ,N,1112, ",,,,,"56.08"," ,N","2.0"," ,N",,,,,,
"US1WVBY0002","FALLING WATERS 2.4 NW, WV US","39.5875","-77.9181","149.4","2020",,,,,,,,,,,,,"2.09"," ,N,1225, ",,,,,"43.05"," ,N",,,,,,,,
"USC00465563","MADISON 3 NNW, WV US","38.10263","-81.84643","210.0","2020",,,"        8",,"         4","7","13","7,0123,+","4"," ,7,1225, ","4.0"," ,7,1225, ","2.00"," ,7,0605, ","96","7,0717,+",,,"55.29"," ,7","10.4"," ,7","57.4","7","69.0","7","45.9","7"
"USC00444101","HOPEWELL, VA US","37.2992","-77.2775","12.2","2020",,,"        0",,"         0","7",,,"0"," ,7,1231,+","0.0"," ,7,1231,+",,,,,"2628","2",,,"0.0"," ,7",,,,,,
"USC00442044","COVINGTON FILTER PLANT, VA US","37.81112","-79.98822","379.2","2020",,,"        3",,"         2","7",,,"2"," ,7,1225, ","2.0"," ,7,1225, ","2.70"," ,7,0618, ","93","7,0722,+",,,"49.01"," ,7","3.8"," ,7",,,"65.4","7",,
"USC00443375","GLASGOW 1 SE, VA US","37.61838","-79.43575","224.6","2020",,,"        2",,"         1","7",,,"1"," ,7,1217,+","2.0"," ,7,0108, ","3.19"," ,7,0413, ",,,,,"65.68"," ,7","3.3"," ,7",,,,,,
"US1WVBY0006","MARTINSBURG 4.3 E, WV US","39.4486407190561","-77.8904666751623","144.5","2020",,,,,,,,,,,,,"2.43"," ,N,0624, ",,,,,"42.83"," ,N",,,,,,,,
"USC00463940","HARRISVILLE, WV US","39.21898","-81.04861","250.9","2020",,,,,,,,,,,,,,,,,,,"52.57"," ,7",,,,,,,,
"USC00467743","ROSEDALE 3 NNW, WV US","38.7778","-80.9636","228.6","2020",,,"       10",,"         5","7",,,"4"," ,7,1225, ","4.1"," ,7,1225, ",,,,,,,,,"14.5"," ,7",,,,,,
"US1VAGR0003","INDEPENDENCE 1.3 S, VA US","36.6047","-81.15548333","822.4","2020",,,,,,,,,,,,,"3.43"," ,N,0207, ",,,,,"69.25"," ,N",,,,,,,,
"USC00448941","WAYNESBORO WATER TREATMENT, VA US","38.0802","-78.875","387.1","2020","1003",,"        1",,"         1","7","11","7,0122,+","5"," ,7,0108, ","5.0"," ,7,0108, ","2.55"," ,7,0430, ","96","7,0721, ","4457","0","56.96"," ,7","5.0"," ,7","55.5","7","67.0","7","44.0","7"
"US1VAGR0004","FRIES 6.9 WSW, VA US","36.69514","-81.09711","808.3","2020",,,,,,,,,,,,,"3.78"," ,N,0816, ",,,,,"72.40"," ,N",,,,,,,,
"USC00441082","BROOKNEAL, VA US","37.0679","-78.9517","124.4","2020",,,"        0",,"         0","7",,,"0"," ,7,1231,+","0.0","T,7,0304, ","3.85"," ,7,1025, ",,,,,"66.28"," ,7","0.0","T,7",,,,,,
"USC00444909","PURCELLVILLE, VA US","39.14216","-77.70939","155.4","2020","1135",,"        9",,"         2","7","13","7,0215, ","4"," ,7,1218,+","4.2"," ,7,1217, ","3.63"," ,7,0807, ","96","7,0721,+","4513","4","49.48"," ,7","6.0"," ,7","55.9","7","65.4","7","46.4","7"
"USC00441746","CLARKSVILLE, VA US","36.6213","-78.5506","100.6","2020","1636",,"        1",,"         0","7","20","7,1227,+","1"," ,7,0221, ","0.4"," ,7,0221, ","4.35"," ,7,0618, ","98","7,0721, ","3302","3","64.00"," ,7","0.4"," ,7","60.7","7","71.1","7","50.3","7"
"USW00013729","ELKINS RANDOLPH CO AIRPORT, WV US","38.88989","-79.85544","597.7","2020","723",,"       31",,"        14","W","2","W,0215, ","4"," ,W,1226,+","5.0"," ,W,1201, ","2.14"," ,W,1111, ","92","W,0707,+","4931","3","56.56"," ,W","42.8"," ,W","53.3","W","64.8","W","41.8","W"
"USW00013728","DANVILLE REGIONAL AIRPORT, VA US","36.5729","-79.3351","174.0","2020","1493",,"        0",,"         1","W","18","W,0122, ","0","T,W,0220, ","1.6"," ,W,0220, ","3.58"," ,W,1111, ","95","W,0727,+","3438","0","57.34"," ,W","1.6"," ,W","59.9","W","70.7","W","49.1","W"
"USC00446999","RADFORD 3 N, VA US","37.2008","-80.5864","548.6","2020",,,"        2",,"         2","7",,,"1"," ,7,0108,+","1.0"," ,7,0108,+",,,,,"4797","2","59.02"," ,7","2.0"," ,7",,,,,,
"US1VAFX0033","FRANCONIA 1.3 SSE, VA US","38.7462","-77.1386","17.1","2020",,,"        0",,"         0","N",,,"0"," ,N,0118, ","0.5"," ,N,0108, ","2.96"," ,N,0707, ",,,,,"65.61"," ,N","0.8"," ,N",,,,,,
"USC00445300","MARTINSVILLE FILTER PLANT, VA US","36.70479","-79.86529","237.7","2020","1147",,"        0",,"         0","7","12","7,0122, ","0","T,7,0221, ","0.5"," ,7,0221, ","3.31"," ,7,0207, ","95","7,0720, ","4094","3","72.15"," ,7","0.5"," ,7","57.1","7","69.3","7","44.9","7"
"US1VAVBC034","VIRGINIA BEACH 9.5 N, VA US","36.8767051696777","-76.0331497192383","8.2","2020",,,,,,,,,,,,,"4.65"," ,N,0918, ",,,,,"62.76"," ,N",,,,,,,,
"USC00447174","RICHLANDS, VA US","37.0924","-81.7935","582.2","2020","732",,"        4",,"         3","7","9","7,1227,+","2"," ,7,1227,+","2.0"," ,7,1225, ","2.39"," ,7,0413, ","91","7,0722, ","4495","3","55.67"," ,7","5.0"," ,7","54.3","7","65.6","7","43.0","7"
"US1VAMN0021","BLACKSBURG 2.4 ENE, VA US","37.24863","-80.39047","608.7","2020",,,,,,,,,,,,,"3.15"," ,N,1112, ",,,,,"59.93"," ,N",,,,,,,,
"USC00448022","PEARISBURG 4 SSE, VA US","37.27866","-80.68884","511.5","2020",,,,,,,,,,,,,,,,,,,,,,,,,,,,
"US1VAMN0024","BLACKSBURG 1.3 ESE, VA US","37.226389","-80.406361","662.3","2020",,,,,"         3","N",,,,,"3.4"," ,N,1225, ","3.02"," ,N,1112, ",,,,,"58.92"," ,N","6.8"," ,N",,,,,,
"USW00013736","MORGANTOWN MUNICIPAL AIRPORT, WV US","39.64981","-79.9207","378.0","2020","1101",,,,,,"12","W,1227,+",,,,,"1.68"," ,W,1029, ","95","W,0706, ","4618","5","40.73"," ,W",,,"55.4","W","65.1","W","45.7","W"
"USW00013734","MARTINSBURG EASTERN WEST VIRGINIA REGIONAL AIRPORT, WV US","39.40375","-77.945","162.8","2020","1155",,,,,,"11","W,0215, ",,,,,"2.02"," ,W,1224, ","99","W,0719, ","4657","1","34.93"," ,W",,,"55.7","W","66.3","W","45.1","W"
"USW00013733","LYNCHBURG REGIONAL AIRPORT, VA US","37.32126","-79.20656","286.5","2020","1467",,"        0",,"         0","W","17","W,0122,+","0"," ,W,1231,+","0.0","T,W,1225,+","3.40"," ,W,1111, ","99","W,0720,+",,,"69.76"," ,W","0.0","T,W","59.4","W","70.2","W","48.5","W"
"USR0000VCRA","CRAIG VALLEY VIRGINIA, VA US","37.5222","-80.0797","385.9","2020","841",,,,,,"7","U,1226, ",,,,,,,"91","U,0720, ","4550","8",,,,,"54.6","U","63.4","U","45.8","U"
"USC00441614","CHATHAM, VA US","36.82204","-79.4102","197.2","2020","1052",,"        0",,"         0","7","12","7,0122,+","0","T,7,1216, ","0.1"," ,7,0221, ","3.95"," ,7,0207, ","94","7,0721, ","4131","2","67.98"," ,7","0.1"," ,7","56.5","7","68.4","7","44.6","7"
"US1WVCB0017","HUNTINGTON 1.7 ESE, WV US","38.4056","-82.4036","205.7","2020",,,,,,,,,,,,,"3.29"," ,N,0731, ",,,,,"48.78"," ,N",,,,,,,,
"USC00440766","BLACKSBURG NATIONAL WEATHER SERVICE OFFICE, VA US","37.2039","-80.4144","641.0","2020","752",,"        6",,"         4","7","8","7,1226, ","4"," ,7,1225, ","3.5"," ,7,1225, ","2.92"," ,7,1112, ","92","7,0720, ","4859","6","59.52"," ,7","10.2"," ,7","53.7","7","64.4","7","42.9","7"
"USC00467649","ROCK CAVE 2 NE, WV US","38.8561","-80.3074","533.1","2020",,,"       25",,"        13","7",,,"7"," ,7,1226, ","5.3"," ,7,1225, ","2.92"," ,7,0826, ","87","7,0717,+",,,"66.80"," ,7","36.4"," ,7",,,"61.7","7",,
"US1VALYC007","LYNCHBURG 3.4 NNW, VA US","37.4451","-79.2197","253.0","2020",,,,,,,,,,,,,"3.60"," ,N,1112, ",,,,,"67.18"," ,N",,,,,,,,
"US1VACK0002","BERRYVILLE 0.9 NNW, VA US","39.160666","-77.988475","196.6","2020",,,,,,,,,,,,,"1.56"," ,N,1112,+",,,,,"41.16"," ,N",,,,,,,,
"USC00446626","PENNINGTON GAP, VA US","36.7586","-83.0105","414.5","2020",,,,,,,,,,,,,"3.27"," ,7,0413, ",,,,,"67.61"," ,7",,,,,,,,
"USC00442941","FARMVILLE 2 N, VA US","37.3263","-78.3864","131.1","2020","1278",,,,,,"12","7,0121, ",,,,,"3.05"," ,7,0918, ","99","7,0720, ","3997","6","61.00"," ,7",,,"58.0","7","69.1","7","46.9","7"
"USC00444568","KEYSVILLE 2 S, VA US","37.0179","-78.48","190.5","2020","1334",,"        0",,"         0","7","16","7,0123,+","0","T,7,0221, ","0.4"," ,7,0221, ","4.17"," ,7,0618, ","97","7,0722,+","3808","8","41.99"," ,7","0.4"," ,7","58.3","7","68.9","7","47.8","7"
"USC00442142","CROZIER, VA US","37.6664","-77.8769","85.3","2020",,,"        0",,"         0","7",,,"0"," ,7,1231,+","0.0"," ,7,1231,+","4.79"," ,7,1112, ","98","7,0722,+",,,"57.32"," ,7","0.0"," ,7",,,"68.3","7",,
"USC00448800","WAKEFIELD 1 NW, VA US","36.9839","-77.0078","34.4","2020","1623",,"        1",,"         1","7","17","7,0222, ","4"," ,7,0220, ","3.6"," ,7,0220, ","3.05"," ,7,1112, ","99","7,0728,+","3244","2","74.74"," ,7","3.6"," ,7","60.8","7","71.7","7","50.0","7"
"USC00465224","LEWISBURG 3 N, WV US","37.8566","-80.4042","701.0","2020","692",,"        9",,"         4","7","4","7,0122, ","3"," ,7,0108, ","2.7"," ,7,0108, ","1.89"," ,7,0413, ","92","7,0722, ","5251","0","52.84"," ,7","8.6"," ,7","52.5","7","63.7","7","41.3","7"
"USC00468614","SUMMERSVILLE LAKE, WV US","38.22015","-80.89378","538.9","2020",,,"       16",,"        12","7",,,"6"," ,7,1226, ","4.0"," ,7,0229, ","1.80"," ,7,1112, ",,,,,"56.07"," ,7","21.9"," ,7",,,,,,
"USC00448129","STONY CREEK 2 N, VA US","36.9742","-77.4041","32.0","2020","1578",,"        0",,"         0","7","20","7,0223,+","0"," ,7,1231,+","0.0"," ,7,1231,+","3.00"," ,7,0804, ","101","7,0721,+",,,"65.43"," ,7","0.0"," ,7","60.3","7","71.6","7","49.0","7"
"US1VAFX0041","MCLEAN 2.3 SE, VA US","38.91802","-77.1434","83.2","2020",,,,,,,,,,,,,"2.74"," ,N,1112, ",,,,,"61.25"," ,N",,,,,,,,
"US1VAMN0009","BLACKSBURG 5.0 W, VA US","37.224713","-80.518728","575.5","2020",,,,,,,,,,,,,"3.15"," ,N,1112, ",,,,,"59.46"," ,N",,,,,,,,
"USC00449215","WISE 1 SE, VA US","36.9725","-82.5579","781.5","2020","670",,"        4",,"         5","7","5","7,1226, ","7"," ,7,1225, ","7.0"," ,7,1225, ","3.17"," ,7,0413, ","89","7,0717, ","4541","0","58.50"," ,7","16.9"," ,7","54.3","7","63.7","7","44.8","7"
"US1VAFD0001","STEPHENS CITY 2.2 E, VA US","39.100209","-78.180235","221.9","2020",,,,,,,,,,,,,"3.50"," ,N,0621, ",,,,,"51.50"," ,N",,,,,,,,
"US1VAPG0001","SHENANDOAH 1.4 N, VA US","38.507","-78.624","292.3","2020",,,,,,,,,,,,,"2.22"," ,N,1225, ",,,,,"43.39"," ,N",,,,,,,,
"US1VAFD0003","WINCHESTER 9.4 NW, VA US","39.2741","-78.29633","278.0","2020",,,,,,,,,,,,,"1.71"," ,N,0125, ",,,,,"40.24"," ,N",,,,,,,,
"USW00003804","PARKERSBURG AIRPORT, WV US","39.3395","-81.4438","253.3","2020",,,,,,,,,,,,,,,,,,,,,,,,,,,,
"USC00462522","DUNLOW 1 SW, WV US","37.94956","-82.40479","339.2","2020","1032",,"       12",,"         7","7","10","7,1227,+","7"," ,7,1225, ","7.0"," ,7,1225, ","1.90"," ,7,1112, ","92","7,0720,+","4156","2","58.76"," ,7","19.0"," ,7","55.7","7","65.3","7","46.1","7"
"USC00461677","CLARKSBURG 1, WV US","39.2682","-80.3522","301.8","2020",,,"       14",,"         7","7",,,"4"," ,7,1226,+","4.0"," ,7,1225, ","1.90"," ,7,1030, ",,,,,"56.20"," ,7","15.7"," ,7",,,,,,
"US1WVCB0002","HUNTINGTON 2.9 E, WV US","38.405967","-82.381274","178.6","2020",,,,,,,,,,,,,"3.55"," ,N,0731, ",,,,,"56.32"," ,N",,,,,,,,
"USC00460580","BECKLEY VA HOSPITAL, WV US","37.76475","-81.19405","710.2","2020","441",,,,,,"6","7,0123,+",,,,,"1.58"," ,7,0528, ","89","7,0706, ","4941","2","53.65"," ,7",,,"50.9","7","62.1","7","39.8","7"
"USC00441606","CHASE CITY, VA US","36.7775","-78.4756","125.9","2020","1427",,,,,,"22","7,0122, ",,,,,"3.33"," ,7,0617, ","96","7,0728,+","3411","9","61.36"," ,7",,,"59.8","7","70.5","7","49.2","7"
"USC00443229","FRONT ROYAL, VA US","38.9038","-78.1821","283.5","2020","942",,"        2",,"         2","7","7","7,0221, ","8"," ,7,1217, ","8.0"," ,7,1217, ","3.67"," ,7,0910, ","97","7,0721, ","4283","3","50.38"," ,7","13.0"," ,7","56.1","7","66.7","7","45.6","7"
"USW00003802","CLARKSBURG BENEDUM AIRPORT, WV US","39.29556","-80.22889","366.7","2020",,,,,,,,,,,,,"2.49"," ,W,1029, ",,,,,"44.40"," ,W",,,,,,,,
"USC00465353","LOGAN, WV US","37.8663","-81.98441","204.8","2020","1306",,"        4",,"         1","7","15","7,1226, ","3"," ,7,1226, ","1.0"," ,7,0107, ","1.98"," ,7,0605, ","95","7,0720, ","3714","3","59.28"," ,7","2.8"," ,7","58.2","7","68.8","7","47.7","7"
"US1VAJC0016","WILLIAMSBURG 3.2 WNW, VA US","37.28305556","-76.76361111","19.5","2020",,,,,,,,,,,,,"4.79"," ,N,0804, ",,,,,"72.10"," ,N",,,,,,,,
"US1VAPL0009","DUBLIN 2.0 SSW, VA US","37.079385","-80.697753","642.5","2020",,,,,,,,,,,,,"2.70"," ,N,0618, ",,,,,"64.79"," ,N",,,,,,,,
"US1VAFX0051","VIENNA 1.3 W, VA US","38.903","-77.2836","113.1","2020",,,,,,,,,,,,,"2.32"," ,N,1112, ",,,,,"55.50"," ,N",,,,,,,,
"USC00440079","ALBERTA 5 N, VA US","36.94","-77.8981","114.6","2020",,,"        1",,"         1","7",,,"3"," ,7,0221, ","3.8"," ,7,0221, ","3.65"," ,7,0918, ",,,,,"58.20"," ,7","3.8"," ,7",,,,,,
"USC00460102","ALDERSON, WV US","37.72716","-80.65837","473.0","2020","826",,"       10",,"         5","7","8","7,0122,+","2"," ,7,1225,+","2.5"," ,7,0108, ","2.50"," ,7,0620, ","93","7,0722, ","4868","4","59.84"," ,7","7.5"," ,7","53.9","7","65.4","7","42.5","7"
"USC00466325","MULLENS 3 E, WV US","37.57844","-81.32724","476.7","2020",,,,,,,,,,,,,,,,,"4114","5",,,,,,,,,,
"USC00468986","TYGART DAM, WV US","39.31343","-80.02985","376.4","2020",,,"       11",,"         7","7",,,"4"," ,7,1218,+","3.8"," ,7,1217, ",,,,,,,,,"18.3"," ,7",,,,,,
"US1VAFX0052","MCLEAN 1.5 S, VA US","38.916671","-77.182188","89.9","2020",,,,,,,,,,,,,"3.08"," ,N,1112, ",,,,,"57.96"," ,N",,,,,,,,
"USC00447278","ROANOKE 8 N, VA US","37.3622","-79.95871","352.7","2020","1126",,"        2",,"         2","7","12","7,1227,+","1"," ,7,1225,+","2.0"," ,7,0108, ","3.41"," ,7,0521, ","95","7,0721,+","4167","2","68.78"," ,7","3.1"," ,7","56.8","7","67.5","7","46.1","7"
"USC00449213","WINTERPOCK, VA US","37.32459","-77.64364","97.5","2020",,,,,,,,,,,,,,,,,,,,,,,,,,,,
"USC00445096","LURAY 5 E, VA US","38.6661","-78.3727","426.7","2020","947",,"        7",,"         2","7","11","7,0215,+","6"," ,7,1217, ","6.1"," ,7,1217, ","3.37"," ,7,0606, ","95","7,0721,+","4519","7","52.33"," ,7","10.4"," ,7","55.5","7","66.9","7","44.0","7"
"USC00468191","SISSONVILLE 1 SW, WV US","38.51708","-81.64542","192.6","2020",,,"        7",,"         4","7",,,"3"," ,7,1226,+","3.0"," ,7,1225, ","1.70"," ,7,0731, ",,,,,"49.30"," ,7","9.1"," ,7",,,,,,
"US1VACP0010","CULPEPER 1.7 NNE, VA US","38.4937","-77.9913","131.4","2020",,,,,,,,,,,,,"4.21"," ,N,1112, ",,,,,"59.38"," ,N",,,,,,,,
"US1VAFR0006","BOONES MILL 12.6 E, VA US","37.139658","-79.723202","248.1","2020",,,,,,,,,,,,,"3.34"," ,N,0413, ",,,,,"60.29"," ,N",,,,,,,,
"USR0000VFVA","FORT VALLEY VIRGINIA, VA US","38.8333","-78.4","243.8","2020","1034",,,,,,"9","U,0122,+",,,,,,,"99","U,0720, ","4464","8",,,,,"55.8","U","68.1","U","43.4","U"
